No,Group no.,Group name,Member,Update date
1,1214961998594430,DÂN PHƯỚC THÁI,66404,2023-04-25
2,danhiepphuoc.nhontrach,Dân Hiệp Phước,26000,2023-04-25
3,longtho,NGƯỜI LONG THỌ,76200,2023-04-25
4,1107068029432551,Cộng Đồng Cư Dân IDICO Nhơn Trạch,21300,2023-04-25
5,308036724203184,DÂN CHỢ BẮC,6872,2023-04-25
6,NGUOINHONTRACHNT,NGƯỜI NHƠN TRẠCH,93356,2023-04-25
7,417022310081417,LONG THÀNH TÔI YÊU,1979,2023-04-25
8,chodongnai2020,Chợ Đồng Nai ✅,68918,2023-04-25
9,354986114834382,Cộng Đồng Cư Dân IDICO Nhơn Trạch Đồng Nai,15400,2023-04-25
10,danlongthanh.dn,DÂN LONG THÀNH - ĐỒNG NAI,49000,2023-04-25
11,1026175444925394,TÔI YÊU LONG THÀNH❤️❤️❤️❤️❤️,3400,2023-04-25
12,341912150757977,TAM AN .LONG THÀNH,4700,2023-04-25
13,184416527045186,Mua bán Nhơn Trạch- Long Thành Đồng Nai,2100,2023-04-25
14,2891832371057876,Dân Phước Thái Buôn Bán,2300,2023-04-25
15,danbinhson,DÂN BÌNH SƠN,1700,2023-04-25
16,danlongphuoc,TÔI YÊU LONG PHƯỚC,5900,2023-04-25
17,danphuocbinh.lt,DÂN PHƯỚC BÌNH,2200,2023-04-25
18,danphuocthai,DÂN PHƯỚC THÁI,1400,2023-04-25
19,dantanhiep,DÂN TÂN HIỆP,3800,2023-04-25
20,dancamduong,DÂN CẨM ĐƯỜNG,975,2023-04-25
21,danlongan,DÂN LONG AN,245,2023-04-25
22,danbaucan,DÂN BÀU CẠN,1500,2023-04-25
23,1038101193733861,GROUP LONG THÀNH ❤️,4100,2023-04-25
24,toiyeulongthanh.dn,TÔI YÊU LONG THÀNH,24100,2023-04-25
25,832829244171976,Dân An Phước,22800,2023-04-25
26,736109850505450,Dân Phước Thiền - Nhơn Trạch,51800,2023-04-25
27,419677463033306,DÂN PHƯỚC THIỀN ✅,4300,2023-04-25
28,228065805358027,Dân Long Phước- Phước Thái,2600,2023-04-25
